-- MySQL dump 10.13  Distrib 8.0.19, for Win64 (x86_64)
--
-- Host: localhost    Database: agencia_viajes
-- ------------------------------------------------------
-- Server version	8.0.41

/*!40101 SET @OLD_CHARACTER_SET_CLIENT=@@CHARACTER_SET_CLIENT */;
/*!40101 SET @OLD_CHARACTER_SET_RESULTS=@@CHARACTER_SET_RESULTS */;
/*!40101 SET @OLD_COLLATION_CONNECTION=@@COLLATION_CONNECTION */;
/*!50503 SET NAMES utf8mb4 */;
/*!40103 SET @OLD_TIME_ZONE=@@TIME_ZONE */;
/*!40103 SET TIME_ZONE='+00:00' */;
/*!40014 SET @OLD_UNIQUE_CHECKS=@@UNIQUE_CHECKS, UNIQUE_CHECKS=0 */;
/*!40014 SET @OLD_FOREIGN_KEY_CHECKS=@@FOREIGN_KEY_CHECKS, FOREIGN_KEY_CHECKS=0 */;
/*!40101 SET @OLD_SQL_MODE=@@SQL_MODE, SQL_MODE='NO_AUTO_VALUE_ON_ZERO' */;
/*!40111 SET @OLD_SQL_NOTES=@@SQL_NOTES, SQL_NOTES=0 */;

--
-- Table structure for table `aerolineas`
--

DROP TABLE IF EXISTS `aerolineas`;
/*!40101 SET @saved_cs_client     = @@character_set_client */;
/*!50503 SET character_set_client = utf8mb4 */;
CREATE TABLE `aerolineas` (
  `id` int NOT NULL AUTO_INCREMENT,
  `nombre` varchar(100) DEFAULT NULL,
  PRIMARY KEY (`id`)
) ENGINE=InnoDB AUTO_INCREMENT=3 DEFAULT CHARSET=utf8mb4 COLLATE=utf8mb4_0900_ai_ci;
/*!40101 SET character_set_client = @saved_cs_client */;

--
-- Dumping data for table `aerolineas`
--

LOCK TABLES `aerolineas` WRITE;
/*!40000 ALTER TABLE `aerolineas` DISABLE KEYS */;
INSERT INTO `aerolineas` VALUES (1,'skyline airlines'),(2,'flysky');
/*!40000 ALTER TABLE `aerolineas` ENABLE KEYS */;
UNLOCK TABLES;

--
-- Table structure for table `aeropuertos`
--

DROP TABLE IF EXISTS `aeropuertos`;
/*!40101 SET @saved_cs_client     = @@character_set_client */;
/*!50503 SET character_set_client = utf8mb4 */;
CREATE TABLE `aeropuertos` (
  `id` int NOT NULL AUTO_INCREMENT,
  `nombre` varchar(100) DEFAULT NULL,
  `ciudad` varchar(100) DEFAULT NULL,
  `pais` varchar(100) DEFAULT NULL,
  PRIMARY KEY (`id`)
) ENGINE=InnoDB AUTO_INCREMENT=3 DEFAULT CHARSET=utf8mb4 COLLATE=utf8mb4_0900_ai_ci;
/*!40101 SET character_set_client = @saved_cs_client */;

--
-- Dumping data for table `aeropuertos`
--

LOCK TABLES `aeropuertos` WRITE;
/*!40000 ALTER TABLE `aeropuertos` DISABLE KEYS */;
INSERT INTO `aeropuertos` VALUES (1,'el dorado','bogot치','colombia'),(2,'jfk','nueva york','estados unidos');
/*!40000 ALTER TABLE `aeropuertos` ENABLE KEYS */;
UNLOCK TABLES;

--
-- Table structure for table `agentes`
--

DROP TABLE IF EXISTS `agentes`;
/*!40101 SET @saved_cs_client     = @@character_set_client */;
/*!50503 SET character_set_client = utf8mb4 */;
CREATE TABLE `agentes` (
  `id` int NOT NULL AUTO_INCREMENT,
  `nombre` varchar(100) DEFAULT NULL,
  `usuario_id` int DEFAULT NULL,
  PRIMARY KEY (`id`),
  KEY `usuario_id` (`usuario_id`),
  CONSTRAINT `agentes_ibfk_1` FOREIGN KEY (`usuario_id`) REFERENCES `usuarios` (`id`)
) ENGINE=InnoDB AUTO_INCREMENT=2 DEFAULT CHARSET=utf8mb4 COLLATE=utf8mb4_0900_ai_ci;
/*!40101 SET character_set_client = @saved_cs_client */;

--
-- Dumping data for table `agentes`
--

LOCK TABLES `agentes` WRITE;
/*!40000 ALTER TABLE `agentes` DISABLE KEYS */;
INSERT INTO `agentes` VALUES (1,'mario lopez',3);
/*!40000 ALTER TABLE `agentes` ENABLE KEYS */;
UNLOCK TABLES;

--
-- Table structure for table `clientes`
--

DROP TABLE IF EXISTS `clientes`;
/*!40101 SET @saved_cs_client     = @@character_set_client */;
/*!50503 SET character_set_client = utf8mb4 */;
CREATE TABLE `clientes` (
  `id` int NOT NULL AUTO_INCREMENT,
  `nombre` varchar(100) DEFAULT NULL,
  `email` varchar(100) DEFAULT NULL,
  `telefono` varchar(20) DEFAULT NULL,
  `usuario_id` int DEFAULT NULL,
  PRIMARY KEY (`id`),
  KEY `usuario_id` (`usuario_id`),
  CONSTRAINT `clientes_ibfk_1` FOREIGN KEY (`usuario_id`) REFERENCES `usuarios` (`id`)
) ENGINE=InnoDB AUTO_INCREMENT=5 DEFAULT CHARSET=utf8mb4 COLLATE=utf8mb4_0900_ai_ci;
/*!40101 SET character_set_client = @saved_cs_client */;

--
-- Dumping data for table `clientes`
--

LOCK TABLES `clientes` WRITE;
/*!40000 ALTER TABLE `clientes` DISABLE KEYS */;
INSERT INTO `clientes` VALUES (1,'Sara Perez','juan@mail.com','3001112233',1),(2,'laura torres','laura@mail.com','3214567891',2),(3,'camila suarez','csuarez@mail.com','3002221547',3),(4,'Ernesto Marin','marin@mail.com','3124567894',4);
/*!40000 ALTER TABLE `clientes` ENABLE KEYS */;
UNLOCK TABLES;

--
-- Table structure for table `habitaciones`
--

DROP TABLE IF EXISTS `habitaciones`;
/*!40101 SET @saved_cs_client     = @@character_set_client */;
/*!50503 SET character_set_client = utf8mb4 */;
CREATE TABLE `habitaciones` (
  `id` int NOT NULL AUTO_INCREMENT,
  `hotel_id` int DEFAULT NULL,
  `numero` varchar(10) DEFAULT NULL,
  `tipo` varchar(50) DEFAULT NULL,
  `precio` decimal(10,2) DEFAULT NULL,
  PRIMARY KEY (`id`),
  KEY `hotel_id` (`hotel_id`),
  CONSTRAINT `habitaciones_ibfk_1` FOREIGN KEY (`hotel_id`) REFERENCES `hoteles` (`id`)
) ENGINE=InnoDB AUTO_INCREMENT=5 DEFAULT CHARSET=utf8mb4 COLLATE=utf8mb4_0900_ai_ci;
/*!40101 SET character_set_client = @saved_cs_client */;

--
-- Dumping data for table `habitaciones`
--

LOCK TABLES `habitaciones` WRITE;
/*!40000 ALTER TABLE `habitaciones` DISABLE KEYS */;
INSERT INTO `habitaciones` VALUES (1,1,'101','doble',1200000.00),(2,1,'102','suite',2000000.00),(3,2,'201','doble',2500000.00),(4,1,'103','suite',3000000.00);
/*!40000 ALTER TABLE `habitaciones` ENABLE KEYS */;
UNLOCK TABLES;

--
-- Table structure for table `hoteles`
--

DROP TABLE IF EXISTS `hoteles`;
/*!40101 SET @saved_cs_client     = @@character_set_client */;
/*!50503 SET character_set_client = utf8mb4 */;
CREATE TABLE `hoteles` (
  `id` int NOT NULL AUTO_INCREMENT,
  `nombre` varchar(100) DEFAULT NULL,
  `ciudad` varchar(100) DEFAULT NULL,
  `estrellas` int DEFAULT NULL,
  `proveedor_id` int DEFAULT NULL,
  PRIMARY KEY (`id`),
  KEY `proveedor_id` (`proveedor_id`),
  CONSTRAINT `hoteles_ibfk_1` FOREIGN KEY (`proveedor_id`) REFERENCES `proveedores` (`id`)
) ENGINE=InnoDB AUTO_INCREMENT=3 DEFAULT CHARSET=utf8mb4 COLLATE=utf8mb4_0900_ai_ci;
/*!40101 SET character_set_client = @saved_cs_client */;

--
-- Dumping data for table `hoteles`
--

LOCK TABLES `hoteles` WRITE;
/*!40000 ALTER TABLE `hoteles` DISABLE KEYS */;
INSERT INTO `hoteles` VALUES (1,'hotel andes','bogot치',4,1),(2,'hotel central park','nueva york',5,1);
/*!40000 ALTER TABLE `hoteles` ENABLE KEYS */;
UNLOCK TABLES;

--
-- Table structure for table `paquetes`
--

DROP TABLE IF EXISTS `paquetes`;
/*!40101 SET @saved_cs_client     = @@character_set_client */;
/*!50503 SET character_set_client = utf8mb4 */;
CREATE TABLE `paquetes` (
  `id` int NOT NULL AUTO_INCREMENT,
  `nombre` varchar(100) DEFAULT NULL,
  `descripcion` text,
  `hotel_id` int DEFAULT NULL,
  `vuelo_id` int DEFAULT NULL,
  `precio_total` decimal(10,2) DEFAULT NULL,
  PRIMARY KEY (`id`),
  KEY `hotel_id` (`hotel_id`),
  KEY `vuelo_id` (`vuelo_id`),
  CONSTRAINT `paquetes_ibfk_1` FOREIGN KEY (`hotel_id`) REFERENCES `hoteles` (`id`),
  CONSTRAINT `paquetes_ibfk_2` FOREIGN KEY (`vuelo_id`) REFERENCES `vuelos` (`id`)
) ENGINE=InnoDB AUTO_INCREMENT=4 DEFAULT CHARSET=utf8mb4 COLLATE=utf8mb4_0900_ai_ci;
/*!40101 SET character_set_client = @saved_cs_client */;

--
-- Dumping data for table `paquetes`
--

LOCK TABLES `paquetes` WRITE;
/*!40000 ALTER TABLE `paquetes` DISABLE KEYS */;
INSERT INTO `paquetes` VALUES (1,'paquete bogot치 - nyc','viaje ida con hotel incluido',2,1,6600000.00),(2,'paquete nyc - bogot치','viaje retorno con hotel',1,2,6400000.00),(3,'paquete muevete en nyc','viaje ida con vehiculo y hotel incluido',2,1,9000000.00);
/*!40000 ALTER TABLE `paquetes` ENABLE KEYS */;
UNLOCK TABLES;

--
-- Table structure for table `promociones`
--

DROP TABLE IF EXISTS `promociones`;
/*!40101 SET @saved_cs_client     = @@character_set_client */;
/*!50503 SET character_set_client = utf8mb4 */;
CREATE TABLE `promociones` (
  `id` int NOT NULL AUTO_INCREMENT,
  `nombre` varchar(100) DEFAULT NULL,
  `descuento` decimal(5,2) DEFAULT NULL,
  `paquete_id` int DEFAULT NULL,
  `fecha_inicio` date DEFAULT NULL,
  `fecha_fin` date DEFAULT NULL,
  PRIMARY KEY (`id`),
  KEY `paquete_id` (`paquete_id`),
  CONSTRAINT `promociones_ibfk_1` FOREIGN KEY (`paquete_id`) REFERENCES `paquetes` (`id`)
) ENGINE=InnoDB AUTO_INCREMENT=5 DEFAULT CHARSET=utf8mb4 COLLATE=utf8mb4_0900_ai_ci;
/*!40101 SET character_set_client = @saved_cs_client */;

--
-- Dumping data for table `promociones`
--

LOCK TABLES `promociones` WRITE;
/*!40000 ALTER TABLE `promociones` DISABLE KEYS */;
INSERT INTO `promociones` VALUES (1,'promo verano',25.00,1,'2025-06-01','2025-06-30'),(2,'regreso feliz',15.00,2,'2025-06-01','2025-06-20'),(3,'vacaciones',15.00,3,'2025-08-01','2025-08-20'),(4,'escapate',25.00,3,'2025-08-10','2025-09-01');
/*!40000 ALTER TABLE `promociones` ENABLE KEYS */;
UNLOCK TABLES;

--
-- Table structure for table `proveedores`
--

DROP TABLE IF EXISTS `proveedores`;
/*!40101 SET @saved_cs_client     = @@character_set_client */;
/*!50503 SET character_set_client = utf8mb4 */;
CREATE TABLE `proveedores` (
  `id` int NOT NULL AUTO_INCREMENT,
  `nombre` varchar(100) DEFAULT NULL,
  `tipo` enum('hotel','aerolinea') NOT NULL,
  `api_token` varchar(255) DEFAULT NULL,
  `usuario_id` int DEFAULT NULL,
  PRIMARY KEY (`id`),
  KEY `usuario_id` (`usuario_id`),
  CONSTRAINT `proveedores_ibfk_1` FOREIGN KEY (`usuario_id`) REFERENCES `usuarios` (`id`)
) ENGINE=InnoDB AUTO_INCREMENT=3 DEFAULT CHARSET=utf8mb4 COLLATE=utf8mb4_0900_ai_ci;
/*!40101 SET character_set_client = @saved_cs_client */;

--
-- Dumping data for table `proveedores`
--

LOCK TABLES `proveedores` WRITE;
/*!40000 ALTER TABLE `proveedores` DISABLE KEYS */;
INSERT INTO `proveedores` VALUES (1,'viajes hoteles sa','hotel','tokenhotel123',4),(2,'skyline airlines','aerolinea','tokenair123',5);
/*!40000 ALTER TABLE `proveedores` ENABLE KEYS */;
UNLOCK TABLES;

--
-- Table structure for table `reserva_habitaciones`
--

DROP TABLE IF EXISTS `reserva_habitaciones`;
/*!40101 SET @saved_cs_client     = @@character_set_client */;
/*!50503 SET character_set_client = utf8mb4 */;
CREATE TABLE `reserva_habitaciones` (
  `id` int NOT NULL AUTO_INCREMENT,
  `reserva_id` int DEFAULT NULL,
  `habitacion_id` int DEFAULT NULL,
  `fecha_entrada` date DEFAULT NULL,
  `fecha_salida` date DEFAULT NULL,
  PRIMARY KEY (`id`),
  KEY `reserva_id` (`reserva_id`),
  KEY `habitacion_id` (`habitacion_id`),
  CONSTRAINT `reserva_habitaciones_ibfk_1` FOREIGN KEY (`reserva_id`) REFERENCES `reservas` (`id`),
  CONSTRAINT `reserva_habitaciones_ibfk_2` FOREIGN KEY (`habitacion_id`) REFERENCES `habitaciones` (`id`)
) ENGINE=InnoDB AUTO_INCREMENT=3 DEFAULT CHARSET=utf8mb4 COLLATE=utf8mb4_0900_ai_ci;
/*!40101 SET character_set_client = @saved_cs_client */;

--
-- Dumping data for table `reserva_habitaciones`
--

LOCK TABLES `reserva_habitaciones` WRITE;
/*!40000 ALTER TABLE `reserva_habitaciones` DISABLE KEYS */;
INSERT INTO `reserva_habitaciones` VALUES (1,1,3,'2025-06-10','2025-06-14'),(2,2,1,'2025-06-17','2025-06-21');
/*!40000 ALTER TABLE `reserva_habitaciones` ENABLE KEYS */;
UNLOCK TABLES;

--
-- Table structure for table `reserva_vuelos`
--

DROP TABLE IF EXISTS `reserva_vuelos`;
/*!40101 SET @saved_cs_client     = @@character_set_client */;
/*!50503 SET character_set_client = utf8mb4 */;
CREATE TABLE `reserva_vuelos` (
  `id` int NOT NULL AUTO_INCREMENT,
  `reserva_id` int DEFAULT NULL,
  `vuelo_id` int DEFAULT NULL,
  PRIMARY KEY (`id`),
  KEY `reserva_id` (`reserva_id`),
  KEY `vuelo_id` (`vuelo_id`),
  CONSTRAINT `reserva_vuelos_ibfk_1` FOREIGN KEY (`reserva_id`) REFERENCES `reservas` (`id`),
  CONSTRAINT `reserva_vuelos_ibfk_2` FOREIGN KEY (`vuelo_id`) REFERENCES `vuelos` (`id`)
) ENGINE=InnoDB AUTO_INCREMENT=3 DEFAULT CHARSET=utf8mb4 COLLATE=utf8mb4_0900_ai_ci;
/*!40101 SET character_set_client = @saved_cs_client */;

--
-- Dumping data for table `reserva_vuelos`
--

LOCK TABLES `reserva_vuelos` WRITE;
/*!40000 ALTER TABLE `reserva_vuelos` DISABLE KEYS */;
INSERT INTO `reserva_vuelos` VALUES (1,1,1),(2,2,2);
/*!40000 ALTER TABLE `reserva_vuelos` ENABLE KEYS */;
UNLOCK TABLES;

--
-- Table structure for table `reservas`
--

DROP TABLE IF EXISTS `reservas`;
/*!40101 SET @saved_cs_client     = @@character_set_client */;
/*!50503 SET character_set_client = utf8mb4 */;
CREATE TABLE `reservas` (
  `id` int NOT NULL AUTO_INCREMENT,
  `cliente_id` int DEFAULT NULL,
  `paquete_id` int DEFAULT NULL,
  `fecha_reserva` date DEFAULT NULL,
  `total` decimal(10,2) DEFAULT NULL,
  `estado` enum('pendiente','pagado','cancelado') DEFAULT NULL,
  PRIMARY KEY (`id`),
  KEY `cliente_id` (`cliente_id`),
  KEY `paquete_id` (`paquete_id`),
  CONSTRAINT `reservas_ibfk_1` FOREIGN KEY (`cliente_id`) REFERENCES `clientes` (`id`),
  CONSTRAINT `reservas_ibfk_2` FOREIGN KEY (`paquete_id`) REFERENCES `paquetes` (`id`)
) ENGINE=InnoDB AUTO_INCREMENT=9 DEFAULT CHARSET=utf8mb4 COLLATE=utf8mb4_0900_ai_ci;
/*!40101 SET character_set_client = @saved_cs_client */;

--
-- Dumping data for table `reservas`
--

LOCK TABLES `reservas` WRITE;
/*!40000 ALTER TABLE `reservas` DISABLE KEYS */;
INSERT INTO `reservas` VALUES (1,1,1,'2025-04-01',4950000.00,'pagado'),(2,2,2,'2025-04-05',5440000.00,'pagado'),(3,1,1,'2025-01-01',6600000.00,'pagado'),(4,1,2,'2025-02-01',6400000.00,'pagado'),(5,1,1,'2025-03-01',6600000.00,'pagado'),(6,1,1,'2025-05-01',6600000.00,'pagado'),(7,1,2,'2025-05-01',6400000.00,'pagado'),(8,2,2,'2025-05-10',5000000.00,'cancelado');
/*!40000 ALTER TABLE `reservas` ENABLE KEYS */;
UNLOCK TABLES;

--
-- Table structure for table `roles`
--

DROP TABLE IF EXISTS `roles`;
/*!40101 SET @saved_cs_client     = @@character_set_client */;
/*!50503 SET character_set_client = utf8mb4 */;
CREATE TABLE `roles` (
  `id` int NOT NULL AUTO_INCREMENT,
  `nombre` varchar(50) NOT NULL,
  PRIMARY KEY (`id`)
) ENGINE=InnoDB AUTO_INCREMENT=4 DEFAULT CHARSET=utf8mb4 COLLATE=utf8mb4_0900_ai_ci;
/*!40101 SET character_set_client = @saved_cs_client */;

--
-- Dumping data for table `roles`
--

LOCK TABLES `roles` WRITE;
/*!40000 ALTER TABLE `roles` DISABLE KEYS */;
INSERT INTO `roles` VALUES (1,'cliente'),(2,'agente'),(3,'proveedor');
/*!40000 ALTER TABLE `roles` ENABLE KEYS */;
UNLOCK TABLES;

--
-- Table structure for table `usuarios`
--

DROP TABLE IF EXISTS `usuarios`;
/*!40101 SET @saved_cs_client     = @@character_set_client */;
/*!50503 SET character_set_client = utf8mb4 */;
CREATE TABLE `usuarios` (
  `id` int NOT NULL AUTO_INCREMENT,
  `nombre` varchar(100) DEFAULT NULL,
  `email` varchar(100) DEFAULT NULL,
  `password` varchar(100) DEFAULT NULL,
  `rol_id` int DEFAULT NULL,
  PRIMARY KEY (`id`),
  UNIQUE KEY `email` (`email`),
  KEY `rol_id` (`rol_id`),
  CONSTRAINT `usuarios_ibfk_1` FOREIGN KEY (`rol_id`) REFERENCES `roles` (`id`)
) ENGINE=InnoDB AUTO_INCREMENT=6 DEFAULT CHARSET=utf8mb4 COLLATE=utf8mb4_0900_ai_ci;
/*!40101 SET character_set_client = @saved_cs_client */;

--
-- Dumping data for table `usuarios`
--

LOCK TABLES `usuarios` WRITE;
/*!40000 ALTER TABLE `usuarios` DISABLE KEYS */;
INSERT INTO `usuarios` VALUES (1,'juan perez','juan@mail.com','12345',1),(2,'laura torres','laura@mail.com','12345',1),(3,'mario lopez','mario@mail.com','12345',2),(4,'viajes hoteles sa','hotel@mail.com','12345',3),(5,'skyline airlines','airline@mail.com','12345',3);
/*!40000 ALTER TABLE `usuarios` ENABLE KEYS */;
UNLOCK TABLES;

--
-- Table structure for table `vuelos`
--

DROP TABLE IF EXISTS `vuelos`;
/*!40101 SET @saved_cs_client     = @@character_set_client */;
/*!50503 SET character_set_client = utf8mb4 */;
CREATE TABLE `vuelos` (
  `id` int NOT NULL AUTO_INCREMENT,
  `aerolinea_id` int DEFAULT NULL,
  `origen_id` int DEFAULT NULL,
  `destino_id` int DEFAULT NULL,
  `fecha` datetime DEFAULT NULL,
  `asientos_disponibles` int DEFAULT NULL,
  `precio` decimal(10,2) DEFAULT NULL,
  PRIMARY KEY (`id`),
  KEY `aerolinea_id` (`aerolinea_id`),
  KEY `origen_id` (`origen_id`),
  KEY `destino_id` (`destino_id`),
  CONSTRAINT `vuelos_ibfk_1` FOREIGN KEY (`aerolinea_id`) REFERENCES `aerolineas` (`id`),
  CONSTRAINT `vuelos_ibfk_2` FOREIGN KEY (`origen_id`) REFERENCES `aeropuertos` (`id`),
  CONSTRAINT `vuelos_ibfk_3` FOREIGN KEY (`destino_id`) REFERENCES `aeropuertos` (`id`)
) ENGINE=InnoDB AUTO_INCREMENT=3 DEFAULT CHARSET=utf8mb4 COLLATE=utf8mb4_0900_ai_ci;
/*!40101 SET character_set_client = @saved_cs_client */;

--
-- Dumping data for table `vuelos`
--

LOCK TABLES `vuelos` WRITE;
/*!40000 ALTER TABLE `vuelos` DISABLE KEYS */;
INSERT INTO `vuelos` VALUES (1,1,1,2,'2025-06-10 08:00:00',10,4800000.00),(2,1,2,1,'2025-06-17 20:00:00',100,4600000.00);
/*!40000 ALTER TABLE `vuelos` ENABLE KEYS */;
UNLOCK TABLES;

--
-- Dumping routines for database 'agencia_viajes'
--
/*!40103 SET TIME_ZONE=@OLD_TIME_ZONE */;

/*!40101 SET SQL_MODE=@OLD_SQL_MODE */;
/*!40014 SET FOREIGN_KEY_CHECKS=@OLD_FOREIGN_KEY_CHECKS */;
/*!40014 SET UNIQUE_CHECKS=@OLD_UNIQUE_CHECKS */;
/*!40101 SET CHARACTER_SET_CLIENT=@OLD_CHARACTER_SET_CLIENT */;
/*!40101 SET CHARACTER_SET_RESULTS=@OLD_CHARACTER_SET_RESULTS */;
/*!40101 SET COLLATION_CONNECTION=@OLD_COLLATION_CONNECTION */;
/*!40111 SET SQL_NOTES=@OLD_SQL_NOTES */;

-- Dump completed on 2025-04-14 20:15:47
